Date,Open,High,Low,Close,Adj Close,Volume,Change,gain,Loss,Avg Gain,Avg Loss,RS,RSI
6/17/2020,441.820007,450.459991,439.220001,447.769989,447.769989,6529600,0,0,0,0,0,0,0
6/18/2020,448.730011,452.76001,442.799988,449.869995,449.869995,4277600,2.100006,2.100006,0,0,0,0,0
6/19/2020,449.119995,453.970001,445.600006,453.720001,453.720001,5934500,3.850006,3.850006,0,0,0,0,0
6/22/2020,455.01001,468.589996,454.209991,468.040009,468.040009,6272100,14.320008,14.320008,0,0,0,0,0
6/23/2020,466.5,474.01001,464.5,466.26001,466.26001,5948400,-1.779999,0,1.779999,0,0,0,0
6/24/2020,468.540009,472.359985,454,457.850006,457.850006,4826200,-8.410004,0,8.410004,0,0,0,0
6/25/2020,458.859985,467.01001,454,465.910004,465.910004,4134500,8.059998,8.059998,0,0,0,0,0
6/26/2020,466.390015,468.029999,442.23999,443.399994,443.399994,6804700,-22.51001,0,22.51001,0,0,0,0
6/29/2020,445.230011,447.670013,432.140015,447.23999,447.23999,4844000,3.839996,3.839996,0,0,0,0,0
6/30/2020,450.019989,457.589996,447,455.040009,455.040009,4198500,7.800019,7.800019,0,0,0,0,0
7/1/2020,454,488.230011,454,485.640015,485.640015,9705900,30.600006,30.600006,0,0,0,0,0
7/2/2020,485.640015,492.279999,475.529999,476.890015,476.890015,6351500,-8.75,0,8.75,0,0,0,0
7/6/2020,480.769989,499.5,479.799988,493.809998,493.809998,7839000,16.919983,16.919983,0,0,0,0,0
7/7/2020,497.309998,504.820007,490.829987,493.160004,493.160004,5669900,-0.649994,0,0.649994,0,0,0,0
7/8/2020,498.579987,505.100006,493.809998,502.779999,502.779999,5691700,9.619995,9.619995,0,6.936429786,3.007143357,2.306650852,69.75791988
7/9/2020,508.399994,510,495.779999,507.76001,507.76001,5840500,4.980011,4.980011,0,7.142144429,3.007143357,2.37505951,70.37089281
7/10/2020,519.72998,555.880005,511.279999,548.72998,548.72998,21605600,40.96997,40.96997,0,9.793570429,3.007143357,3.256768722,76.50800254
7/13/2020,567.97998,575.369995,520.960022,525.5,525.5,18399000,-23.22998,0,23.22998,8.770712714,4.666427643,1.879534707,65.27216715
7/14/2020,517.080017,525.5,490.48999,524.880005,524.880005,15083300,-0.619995,0,0.619995,8.770712714,4.583570214,1.913511151,65.67715213
7/15/2020,516.299988,529,510.179993,523.26001,523.26001,10066700,-1.619995,0,1.619995,8.770712714,4.098569571,2.139944818,68.15230655
7/16/2020,526.47998,535.539978,504.359985,527.390015,527.390015,24499000,4.130005,4.130005,0,8.489998929,4.098569571,2.071454146,67.44213156
7/17/2020,494.869995,503.589996,484.140015,492.98999,492.98999,24991400,-34.400025,0,34.400025,8.489998929,4.947856357,1.715894383,63.17971691
7/20/2020,489.140015,504.5,484.200012,502.410004,502.410004,11940300,9.420014,9.420014,0,8.888571643,4.947856357,1.796449008,64.2403635
7/21/2020,506,506.220001,488.609985,490.100006,490.100006,9113700,-12.309998,0,12.309998,8.331427429,5.827141929,1.429762228,58.84370955
7/22/2020,492.190002,497.200012,487.200012,489.820007,489.820007,6954100,-0.279999,0,0.279999,6.145712714,5.847141857,1.051062701,51.24478645
7/23/2020,491.130005,491.899994,472.019989,477.579987,477.579987,7722000,-12.24002,0,12.24002,6.145712714,6.096429,1.00808403,50.20128714
7/24/2020,468.769989,487.170013,467.540009,480.450012,480.450012,7746200,2.870025,2.870025,0,5.142144286,6.096429,0.843468248,45.75442234
7/27/2020,484.51001,496.920013,482.309998,495.649994,495.649994,7863100,15.199982,15.199982,0,6.227857286,6.050000857,1.029397753,50.72429746
7/28/2020,496.019989,497.790009,487.76001,488.51001,488.51001,5986700,-7.139984,0,7.139984,5.540714786,6.559999714,0.844621193,45.78832751
7/29/2020,492.25,494.920013,484.130005,484.480011,484.480011,6611800,-4.029999,0,4.029999,5.184999714,6.847856786,0.757171167,43.09034778
7/30/2020,480.709991,488.350006,477.51001,485.799988,485.799988,6608600,1.319977,1.319977,0,2.352857357,6.847856786,0.343590328,25.57255144
7/31/2020,488.290009,494.799988,484.5,488.880005,488.880005,5916300,3.080017,3.080017,0,2.572858571,5.1885725,0.495870217,33.14928069
8/3/2020,490.859985,503.089996,490.230011,498.619995,498.619995,5873100,9.73999,9.73999,0,3.268572143,5.144287143,0.635379024,38.85209572
8/4/2020,498.649994,510.440002,498.649994,509.640015,509.640015,5608000,11.02002,11.02002,0,4.055716429,5.028573214,0.806534231,44.64538878
8/5/2020,508.679993,510.100006,501.200012,502.109985,502.109985,4308200,-7.53003,0,7.53003,3.760716071,5.5664325,0.675606157,40.32010472
8/6/2020,504.109985,510.820007,498.700012,509.079987,509.079987,3725900,6.970002,6.970002,0,4.258573357,3.109287857,1.369629816,57.79931561
8/7/2020,505.450012,508.290009,486.679993,494.730011,494.730011,5910300,-14.349976,0,14.349976,3.585715214,4.134286143,0.867311814,46.4470801
8/10/2020,493.350006,497.459991,478.630005,483.380005,483.380005,4691200,-11.350006,0,11.350006,3.585715214,4.065715286,0.881939576,46.86333116
8/11/2020,479.75,480.920013,466.549988,466.929993,466.929993,7329200,-16.450012,0,16.450012,3.585715214,5.220716214,0.686824387,40.71700601
8/12/2020,471.339996,482.48999,470.179993,475.470001,475.470001,5439200,8.540008,8.540008,0,4.195715786,4.346429071,0.965324803,49.11782528
8/13/2020,478.399994,484.450012,476.450012,481.329987,481.329987,3008900,5.859986,5.859986,0,4.409284429,4.346429071,1.014461379,50.3589391
8/14/2020,482.820007,488.329987,480.209991,482.679993,482.679993,2943500,1.350006,1.350006,0,3.420000429,4.346429071,0.786852925,44.03568498
8/17/2020,484.190002,486.23999,479.100006,482.350006,482.350006,2423500,-0.329987,0,0.329987,3.420000429,3.860000714,0.88601031,46.9780205
8/18/2020,484.350006,495.299988,482.799988,491.869995,491.869995,3505500,9.519989,9.519989,0,4.099999643,3.572143643,1.147770093,53.44008174
8/19/2020,493.929993,494.5,483.5,484.529999,484.529999,3156200,-7.339996,0,7.339996,4.005715571,4.096429071,0.977855469,49.44018835
8/20/2020,484.690002,498.940002,483.890015,497.899994,497.899994,5132500,13.369995,13.369995,0,4.740714,4.096429071,1.15727965,53.64532363
8/21/2020,496.459991,498.130005,490,492.309998,492.309998,3921300,-5.589996,0,5.589996,4.045000429,4.4957145,0.899745842,47.36137973
8/24/2020,495.440002,501,483.160004,488.809998,488.809998,4762200,-3.5,0,3.5,3.257856143,4.7457145,0.686483804,40.70503389
8/25/2020,488.190002,492.470001,485.089996,490.579987,490.579987,5727700,1.769989,1.769989,0,3.384283929,4.207855214,0.804277656,44.57615786
8/26/2020,492.5,549.039978,492.079987,547.530029,547.530029,20373700,56.950042,56.950042,0,6.954286786,4.207855214,1.652691557,62.30243968
8/27/2020,537.780029,541,521.25,526.27002,526.27002,9062900,-21.260009,0,21.260009,6.954286786,4.701429,1.479185751,59.66417605
8/28/2020,532,539,522,523.890015,523.890015,4417500,-2.380005,0,2.380005,6.954286786,4.060714643,1.71257707,63.13468801
8/31/2020,521.159973,531.98999,517.580017,529.559998,529.559998,4941400,5.669983,5.669983,0,7.359285571,2.885713786,2.550247917,71.83295298
9/1/2020,532.599976,557.390015,532.450012,556.549988,556.549988,9572700,26.98999,26.98999,0,8.677141429,2.885713786,3.006930719,75.04324207
9/2/2020,553.780029,556.5,537.369995,552.840027,552.840027,5886900,-3.709961,0,3.709961,8.258571,3.150711,2.621176934,72.3846689
9/3/2020,545,554,521.320007,525.75,525.75,9071100,-27.090027,0,27.090027,8.162142,5.085712929,1.60491599,61.61104604
9/4/2020,520.179993,527.359985,485.980011,516.049988,516.049988,8270100,-9.700012,0,9.700012,8.162142,5.755000429,1.418269573,58.64811718
9/8/2020,498.399994,522,495,507.019989,507.019989,5572700,-9.029999,0,9.029999,7.482142786,6.400000357,1.169084745,53.89760579
9/9/2020,519.210022,520,492.570007,500.190002,500.190002,6848100,-6.829987,0,6.829987,7.482142786,6.363571143,1.175777345,54.03941483
9/10/2020,503.350006,506.290009,478.839996,480.670013,480.670013,6240200,-19.519989,0,19.519989,6.527143143,7.757856071,0.841359144,45.69228913
9/11/2020,486.48999,493.730011,476.809998,482.029999,482.029999,5035200,1.359986,1.359986,0,6.624285,7.358570643,0.90021355,47.37433589
9/14/2020,480.619995,488.98999,471.299988,476.26001,476.26001,7359100,-5.769989,0,5.769989,6.624285,7.520712714,0.880805484,46.83129071
9/15/2020,484,497.470001,481.630005,495.98999,495.98999,5337000,19.72998,19.72998,0,7.9071415,7.520712714,1.051381937,51.25237373
9/16/2020,499.98999,504.660004,483.309998,483.859985,483.859985,4394900,-12.130005,0,12.130005,3.839281357,8.387141643,0.457758021,31.40150931
9/17/2020,475.160004,478.399994,463.269989,470.200012,470.200012,5379300,-13.659973,0,13.659973,3.839281357,7.844281929,0.489436942,32.86053461
9/18/2020,472.51001,479.399994,458.600006,469.959991,469.959991,6717700,-0.240021,0,0.240021,3.839281357,7.691425929,0.499163795,33.29614794
9/21/2020,467.690002,487.779999,466.320007,487.350006,487.350006,5457500,17.390015,17.390015,0,4.6764265,7.691425929,0.60800514,37.81114407
9/22/2020,489.01001,491.820007,479.26001,491.170013,491.170013,3482300,3.820007,3.820007,0,3.021427714,7.691425929,0.392830633,28.20376171
9/23/2020,491.040009,491.040009,469,470.609985,470.609985,3726400,-20.560028,0,20.560028,3.021427714,8.895002143,0.339677008,25.35514202
9/24/2020,470.529999,477,467.820007,473.079987,473.079987,3727200,2.470002,2.470002,0,3.197856429,6.960000214,0.459462116,31.48160622
9/25/2020,474.390015,484.869995,468.029999,482.880005,482.880005,3769400,9.800018,9.800018,0,3.897857714,6.267142214,0.621951374,38.34587055
9/28/2020,489.109985,492,477.880005,490.649994,490.649994,4773500,7.769989,7.769989,0,4.452856929,5.622142286,0.792021387,44.19709455
9/29/2020,489.5,496.290009,486.529999,493.480011,493.480011,3541500,2.830017,2.830017,0,4.655001,5.134286071,0.906650104,47.55199195
9/30/2020,492.570007,504.630005,489.269989,500.029999,500.029999,4634100,6.549988,6.549988,0,5.122857286,3.740001143,1.369747519,57.80141167
10/1/2020,506.029999,529.549988,503.600006,527.51001,527.51001,8153700,27.480011,27.480011,0,6.988573357,3.740001143,1.868601931,65.13981291
10/2/2020,516.429993,526.369995,502.700012,503.059998,503.059998,6071200,-24.450012,0,24.450012,6.988573357,5.0742885,1.377251876,57.93462148
10/5/2020,506.799988,520.98999,501.700012,520.650024,520.650024,4088100,17.590026,17.590026,0,6.8357195,5.0742885,1.347128666,57.39475154
10/6/2020,518.719971,521.820007,504.160004,505.869995,505.869995,4199000,-14.780029,0,14.780029,6.8357195,5.263575929,1.298683555,56.49683934
10/7/2020,518,536.48999,515.820007,534.659973,534.659973,7988700,28.789978,28.789978,0,8.8921465,4.287863571,2.073794176,67.46691734
10/8/2020,533.47998,535,524.150024,531.789978,531.789978,5386500,-2.869995,0,2.869995,8.8921465,4.475718857,1.986752695,66.51882154
10/9/2020,537.830017,544.280029,535,539.440002,539.440002,4781300,7.650024,7.650024,0,8.196432857,4.475718857,1.831310929,64.68067178
10/12/2020,548.809998,551.809998,538.23999,539.809998,539.809998,5391100,0.369996,0.369996,0,7.9500035,4.475718857,1.776251761,63.98021195
10/13/2020,540.559998,557.650024,537.200012,554.090027,554.090027,5602500,14.280029,14.280029,0,8.970005571,3.007145429,2.982897164,74.89264827
10/14/2020,562.609985,572.48999,541,541.450012,541.450012,9499000,-12.640015,0,12.640015,8.793576857,3.910003643,2.248994543,69.22124717
10/15/2020,545.52002,551.219971,535.099976,541.940002,541.940002,5113100,0.48999,0.48999,0,8.128574857,3.910003643,2.078917464,67.52105207
10/16/2020,549.5,554.330017,530.030029,530.789978,530.789978,6347400,-11.150024,0,11.150024,7.573575643,4.706433929,1.60919621,61.67402068
10/19/2020,537.070007,541.799988,525.380005,530.719971,530.719971,7567500,-0.070007,0,0.070007,7.371431571,4.711434429,1.564583288,61.00731044
10/20/2020,528.140015,533.780029,522.26001,525.419983,525.419983,10047200,-5.299988,0,5.299988,6.903575286,5.090005,1.356300296,57.56058759
10/21/2020,501.029999,506.850006,488.25,489.049988,489.049988,17405700,-36.369995,0,36.369995,4.940717357,7.687861786,0.642664696,39.12330359
10/22/2020,494.690002,495.140015,482,485.230011,485.230011,6997900,-3.819977,0,3.819977,4.940717357,6.214287857,0.795057691,44.29148407
10/23/2020,488.109985,490.059998,481.350006,488.279999,488.279999,4927900,3.049988,3.049988,0,3.902143214,6.214287857,0.627930875,38.57233037
10/26/2020,487.029999,496.820007,478.899994,488.23999,488.23999,6186100,-0.040009,0,0.040009,3.902143214,5.161429286,0.756019893,43.05303691
10/27/2020,490.01001,490.48999,482.929993,488.929993,488.929993,3627200,0.690003,0.690003,0,1.895002143,5.161429286,0.36714678,26.85496433
10/28/2020,486.359985,494,483.279999,486.23999,486.23999,5992700,-2.690003,0,2.690003,1.895002143,5.148572714,0.368063587,26.90398244
10/29/2020,488.5,513.900024,479.339996,504.209991,504.209991,11120700,17.970001,17.970001,0,2.632143357,5.148572714,0.511237483,33.8290632
10/30/2020,502.01001,505.880005,472.209991,475.73999,475.73999,7807900,-28.470001,0,28.470001,2.605715071,7.182144214,0.362804616,26.62190981
11/2/2020,478.869995,486.299988,475,484.119995,484.119995,4408200,8.380005,8.380005,0,2.184284786,7.182144214,0.304127113,23.32035812
11/3/2020,484.929993,495.309998,478.76001,487.220001,487.220001,3690200,3.100006,3.100006,0,2.405713786,6.279286,0.383119002,27.69964128
11/4/2020,495.359985,507.730011,493.980011,496.950012,496.950012,5137300,9.730011,9.730011,0,3.065715286,6.279286,0.488226732,32.80593755
11/5/2020,506.559998,518.72998,503.450012,513.76001,513.76001,5372800,16.809998,16.809998,0,4.266429429,5.482855714,0.778140015,43.76145909
11/6/2020,515,515.210022,502.51001,514.72998,514.72998,4236300,0.96997,0.96997,0,4.335713,5.477855214,0.791498284,44.18080056
11/9/2020,485.540009,495.850006,467.26001,470.5,470.5,10419700,-44.22998,0,44.22998,4.335713,8.258568929,0.524995679,34.4260437
11/10/2020,470.950012,484.600006,463.410004,480.23999,480.23999,8306100,9.73999,9.73999,0,5.031426571,5.660712143,0.888832791,47.05725118
11/11/2020,483,491.679993,478.26001,490.76001,490.76001,5460500,10.52002,10.52002,0,5.782856571,5.387856643,1.073312999,51.76801571
11/12/2020,491,496.519989,480.429993,486.769989,486.769989,5063700,-3.990021,0,3.990021,5.565000286,5.672858143,0.980987034,49.52011383
11/13/2020,486.769989,488.940002,477.799988,482.839996,482.839996,3002700,-3.929993,0,3.929993,5.565000286,5.950714143,0.935181921,48.3252717
11/16/2020,480,485.579987,477.299988,479.100006,479.100006,3953600,-3.73999,0,3.73999,5.515714357,6.217856286,0.887076527,47.00797843
11/17/2020,480.119995,487.51001,478.850006,480.630005,480.630005,3698100,1.529999,1.529999,0,5.625,6.025713214,0.933499455,48.28030608
11/18/2020,481.950012,488.609985,477.720001,481.790009,481.790009,3629200,1.160004,1.160004,0,4.424285929,6.025713214,0.7342344,42.33766786
11/19/2020,482,487.799988,480.470001,484.670013,484.670013,2254700,2.880004,2.880004,0,4.6300005,3.992141714,1.159778593,53.6989577
11/20/2020,485.220001,494.76001,481.570007,488.23999,488.23999,4253400,3.569977,3.569977,0,4.286427071,3.992141714,1.07371616,51.77739272
11/23/2020,490.459991,491.149994,475.839996,476.619995,476.619995,5416600,-11.619995,0,11.619995,4.064998071,4.822141357,0.842986086,45.74023063
11/24/2020,478.839996,484.049988,475.890015,482.880005,482.880005,3550500,6.26001,6.26001,0,3.817140857,4.822141357,0.791586263,44.18354167
11/25/2020,485.130005,486.899994,478.920013,485,485,3598600,2.119995,2.119995,0,2.767854929,4.822141357,0.573988758,36.46714471
11/27/2020,486.579987,493.25,481.850006,491.359985,491.359985,2805800,6.359985,6.359985,0,3.152856,4.822141357,0.653829029,39.53425762
11/30/2020,490.079987,492.549988,481.269989,490.700012,490.700012,3530900,-0.659973,0,0.659973,3.152856,1.709998,1.843777595,64.83550606
12/1/2020,492.339996,509.470001,491.980011,504.579987,504.579987,5052700,13.879975,13.879975,0,3.448569214,1.709998,2.016709501,66.85129942
12/2/2020,501.619995,506.799988,493.5,503.380005,503.380005,3028400,-1.199982,0,1.199982,2.697139214,1.795711,1.501989582,60.031808
12/3/2020,502.98999,508.769989,496.040009,497.519989,497.519989,2826100,-5.860016,0,5.860016,2.697139214,1.929282071,1.398001492,58.2986081
12/4/2020,497.5,504.5,493.640015,498.309998,498.309998,3666200,0.790009,0.790009,0,2.753568429,1.648568286,1.670278661,62.55072496
12/7/2020,500.01001,517.76001,497.769989,515.780029,515.780029,4289300,17.470031,17.470031,0,4.001427786,1.381426143,2.896591907,74.33654784
12/8/2020,517.900024,521.48999,505.549988,512.659973,512.659973,4229000,-3.120056,0,3.120056,3.892142143,1.604287286,2.426088006,70.81219168
12/9/2020,510.529999,514.5,491.290009,493.600006,493.600006,4178800,-19.059967,0,19.059967,3.809284714,2.9657135,1.284441236,56.22561946
12/10/2020,494.559998,503.769989,492.910004,501.089996,501.089996,3018200,7.48999,7.48999,0,4.138569429,2.9657135,1.395471757,58.2545694
12/11/2020,495,503.339996,494.850006,503.220001,503.220001,3210900,2.130005,2.130005,0,4.035714286,2.9657135,1.360790341,57.64130416
12/14/2020,505.440002,524.159973,501.179993,522.419983,522.419983,5770400,19.199982,19.199982,0,5.407141571,2.135713857,2.531772481,71.68560531
12/15/2020,518.5,524.700012,513.559998,519.780029,519.780029,3394900,-2.639954,0,2.639954,4.959998,2.324282,2.133991486,68.09180866
12/16/2020,520.109985,527.380005,517.690002,524.830017,524.830017,3682400,5.049988,5.049988,0,5.169283214,2.324282,2.224034439,68.9829616
12/17/2020,529,535.48999,526.440002,532.900024,532.900024,3193400,8.070007,8.070007,0,5.291427643,2.324282,2.276585906,69.48042784
12/18/2020,533.200012,536.369995,526.02002,534.450012,534.450012,4502700,1.549988,1.549988,0,5.402141071,2.277141071,2.372334828,70.34695394
12/21/2020,530.049988,532.619995,521.150024,528.909973,528.909973,3894000,-5.540039,0,5.540039,4.410714286,2.672858143,1.650186448,62.26680577
12/22/2020,527.690002,530.400024,520.5,527.330017,527.330017,1906600,-1.579956,0,1.579956,4.410714286,2.699999143,1.633598402,62.02913857
12/23/2020,524.76001,526.320007,514.200012,514.47998,514.47998,2393200,-12.850037,0,12.850037,4.410714286,3.199286357,1.378655673,57.95944696
12/24/2020,515.119995,519.349976,512.210022,513.969971,513.969971,1144000,-0.510009,0,0.510009,4.354285071,3.235715571,1.345694631,57.36870491
12/28/2020,516.429993,523.659973,507.130005,519.119995,519.119995,2891900,5.150024,5.150024,0,3.474284571,3.235715571,1.073729904,51.77771233
12/29/2020,519.900024,536.549988,515.47998,530.869995,530.869995,4022400,11.75,11.75,0,4.313570286,3.012854429,1.431722105,58.87687998
12/30/2020,530.130005,533.26001,523.690002,524.590027,524.590027,1876300,-6.279968,0,6.279968,4.313570286,2.099997357,2.054083674,67.25695473
12/31/2020,525.530029,545.5,523.150024,540.72998,540.72998,5392300,16.139953,16.139953,0,4.931424786,2.099997357,2.348300473,70.13410212
1/4/2021,539,540.799988,515.090027,522.859985,522.859985,4444400,-17.869995,0,17.869995,4.779281571,3.376425571,1.41548554,58.60045595
1/5/2021,521.549988,526.780029,515.890015,520.799988,520.799988,3133900,-2.059997,0,2.059997,3.407854286,3.523568214,0.967160015,49.16529451
1/6/2021,511.970001,513.099976,499.5,500.48999,500.48999,5346200,-20.309998,0,20.309998,3.407854286,4.785714214,0.712088966,41.59182029
1/7/2021,508.279999,516.440002,506.420013,508.890015,508.890015,3686400,8.400025,8.400025,0,3.647142643,4.785714214,0.762089519,43.24919425
1/8/2021,511.309998,513.23999,504.51001,510.399994,510.399994,2973900,1.509979,1.509979,0,3.178569214,4.785714214,0.664178652,39.91029755
1/11/2021,507.839996,510.730011,497.950012,499.100006,499.100006,3806200,-11.299988,0,11.299988,3.067855786,5.592856214,0.548531138,35.42267409
1/12/2021,500,501.089996,485.670013,494.25,494.25,5990400,-4.850006,0,4.850006,3.067855786,5.543568143,0.553408149,35.62541818
1/13/2021,495.5,512.349976,493.01001,507.790009,507.790009,5032100,13.540009,13.540009,0,4.034999286,5.430714143,0.742996074,42.62752424
1/14/2021,507.350006,514.5,499.579987,500.859985,500.859985,4177400,-6.930024,0,6.930024,4.034999286,5.007856071,0.805733877,44.620854
1/15/2021,500,506.320007,495.100006,497.980011,497.980011,5895800,-2.879974,0,2.879974,4.034999286,5.177139286,0.779387817,43.80089655
1/19/2021,501,509.25,493.540009,501.769989,501.769989,12315800,3.789978,3.789978,0,3.937853143,5.177139286,0.760623372,43.20193542
1/20/2021,565.419983,593.289978,556.859985,586.340027,586.340027,32637500,84.570038,84.570038,0,9.139284429,5.177139286,1.765315539,63.83776152
1/21/2021,582.450012,588.75,570.400024,579.840027,579.840027,11802100,-6.5,0,6.5,9.139284429,5.192855857,1.759972678,63.76775727
1/22/2021,582.099976,583.98999,564.349976,565.169983,565.169983,7550800,-14.670044,0,14.670044,7.986430643,6.240716143,1.279729835,56.13515319
1/25/2021,567,569.75,548.650024,556.780029,556.780029,7207300,-8.389954,0,8.389954,7.986430643,5.563570357,1.435486591,58.9404432
1/26/2021,554.72998,567.98999,554.059998,561.929993,561.929993,5023800,5.149964,5.149964,0,8.354285214,5.416427714,1.54239762,60.66704939
1/27/2021,550.710022,556.419983,515.72998,523.280029,523.280029,8670300,-38.649964,0,38.649964,8.354285214,6.726425286,1.242009665,55.39715927
1/28/2021,535.880005,553.150024,530.73999,538.599976,538.599976,5969000,15.319947,15.319947,0,8.848565357,6.726425286,1.315492997,56.8126528
1/29/2021,538,541,530.179993,532.390015,532.390015,4325300,-6.209961,0,6.209961,8.740709714,7.169993929,1.219067938,54.93603495
2/1/2021,536.789978,545.059998,531.72998,539.039978,539.039978,3547500,6.649963,6.649963,0,9.215707071,6.362851929,1.448361077,59.15635118
2/2/2021,542.01001,555.47998,538.929993,548.159973,548.159973,3767600,9.119995,9.119995,0,9.867135286,6.016422929,1.640033522,62.12169309
2/3/2021,550.169983,550.47998,538.23999,539.450012,539.450012,3172300,-8.709961,0,8.709961,8.899991786,6.638563,1.340650346,57.27683114
2/4/2021,539.809998,559.47998,537.51001,552.159973,552.159973,5164500,12.709961,12.709961,0,9.807846143,6.143561286,1.596443119,61.48577288
2/5/2021,552.26001,554.440002,545.47998,550.789978,550.789978,2376200,-1.369995,0,1.369995,9.807846143,6.035705643,1.624970919,61.90433986
2/8/2021,555,555,543.700012,547.919983,547.919983,2791700,-2.869995,0,2.869995,9.537133429,6.240705286,1.528214039,60.44638687
2/9/2021,546,566,543,559.070007,559.070007,3703500,11.150024,11.150024,0,4.292846714,6.240705286,0.687878456,40.75402783
2/10/2021,562.5,566.650024,553.460022,563.590027,563.590027,3991300,4.52002,4.52002,0,4.615705286,5.776419571,0.799059907,44.41541407
2/11/2021,564.440002,565.929993,554.219971,557.590027,557.590027,2730600,-6,0,6,4.615705286,5.157130714,0.895014213,47.22994723
2/12/2021,556.940002,561.25,550.849976,556.52002,556.52002,2197100,-1.070007,0,1.070007,4.615705286,4.634277357,0.995992456,49.89961024
2/16/2021,557.289978,563.630005,552.72998,557.280029,557.280029,2624100,0.760009,0.760009,0,4.302137071,4.634277357,0.928329649,48.14164681
2/17/2021,550.98999,555.25,543.030029,551.340027,551.340027,2069600,-5.940002,0,5.940002,4.302137071,2.2978515,1.872243298,65.18400789
2/18/2021,549,550,538.22998,548.219971,548.219971,2456200,-3.120056,0,3.120056,3.207855143,2.520712643,1.272598506,55.99750693
2/19/2021,548,548.98999,538.809998,540.219971,540.219971,2841500,-8,0,8,3.207855143,2.648572571,1.211163771,54.77494643
2/22/2021,534.98999,541.789978,530.789978,533.780029,533.780029,3078600,-6.439942,0,6.439942,2.732857786,3.108568429,0.879137085,46.78408466
2/23/2021,525,548.539978,518.280029,546.150024,546.150024,4136500,12.369995,12.369995,0,2.965000643,3.108568429,0.953815465,48.81809374
2/24/2021,539.799988,556.849976,539.070007,553.409973,553.409973,3245000,7.259949,7.259949,0,3.483568429,2.486428357,1.4010331,58.35126138
2/25/2021,550.27002,556.47998,535.75,546.700012,546.700012,4252900,-6.709961,0,6.709961,2.575714071,2.965711286,0.868497916,46.48107491
2/26/2021,546.51001,553.090027,538,538.849976,538.849976,3755600,-7.850036,0,7.850036,2.575714071,3.428571357,0.751249953,42.89792852
3/1/2021,545.570007,552.140015,542,550.640015,550.640015,3041400,11.790039,11.790039,0,3.417859714,3.223571714,1.060271034,51.46269673
3/2/2021,553.340027,556.98999,546.02002,547.820007,547.820007,3042200,-2.820008,0,2.820008,2.621429429,3.425000857,0.765380664,43.35499303
3/3/2021,545.929993,548.01001,517.809998,520.700012,520.700012,5362400,-27.119995,0,27.119995,2.298570857,5.362143357,0.428666431,30.00465482
3/4/2021,521.5,531.5,507.679993,511.290009,511.290009,5034800,-9.410003,0,9.410003,2.298570857,5.605715,0.410040621,29.08005731
3/5/2021,511.980011,517.76001,498.790009,516.390015,516.390015,5070000,5.100006,5.100006,0,2.662857,5.529285929,0.481591481,32.50501149
3/8/2021,514.460022,518.840027,492.850006,493.329987,493.329987,3981800,-23.060028,0,23.060028,2.608570643,7.176430786,0.363491368,26.65886829
3/9/2021,507.309998,513.109985,503.820007,506.440002,506.440002,3470000,13.110015,13.110015,0,3.545000286,6.752144929,0.525018394,34.42702042
3/10/2021,513.5,518.969971,504.25,504.540009,504.540009,3771500,-1.899993,0,1.899993,3.545000286,6.664997571,0.531883207,34.72087199
3/11/2021,512.200012,530.23999,510.709991,523.059998,523.059998,4714500,18.519989,18.519989,0,4.867856643,6.093569,0.798851485,44.40897381
3/12/2021,512.5,526.51001,506.589996,518.02002,518.02002,3981700,-5.039978,0,5.039978,4.867856643,5.993571571,0.812179614,44.81783194
3/15/2021,516.320007,520.72998,508.029999,520.25,520.25,3484300,2.22998,2.22998,0,4.143569857,5.993571571,0.691335677,40.87513118
3/16/2021,524.469971,533.419983,523.210022,524.030029,524.030029,3238900,3.780029,3.780029,0,3.895004143,5.993571571,0.649863624,39.38892977
3/17/2021,522,528.369995,514.299988,524.440002,524.440002,2817400,0.409973,0.409973,0,3.924287929,5.514288643,0.711658055,41.57711599
3/18/2021,516.400024,517.900024,503.850006,504.790009,504.790009,4094500,-19.649993,0,19.649993,3.924287929,6.357142714,0.617303733,38.16869525
3/19/2021,504.959991,513.190002,501.630005,512.179993,512.179993,4386400,7.389984,7.389984,0,3.609998286,6.357142714,0.567864912,36.21899486
3/22/2021,509.130005,529.309998,509.130005,523.109985,523.109985,3360600,10.929992,10.929992,0,4.390712,6.155713571,0.713274253,41.63222857
3/23/2021,529.869995,543.119995,529.400024,535.090027,535.090027,5583500,11.980042,11.980042,0,5.246429286,4.218571071,1.2436508,55.42978434
3/24/2021,533.780029,534.419983,520,520.809998,520.809998,4102200,-14.280029,0,14.280029,5.246429286,4.566430071,1.148912653,53.46483726
3/25/2021,516.98999,518.530029,497,502.859985,502.859985,4926800,-17.950013,0,17.950013,4.882143143,5.848573857,0.834757885,45.4968959
3/26/2021,502.820007,508.720001,496.679993,508.049988,508.049988,3467800,5.190003,5.190003,0,5.252857643,4.201429,1.250255007,55.56059216
3/29/2021,505.660004,518,504.399994,513.950012,513.950012,3330000,5.900024,5.900024,0,4.737858286,4.201429,1.127677818,53.00040299
3/30/2021,510.51001,514.409973,506.910004,513.390015,513.390015,2418100,-0.559997,0,0.559997,4.737858286,4.105715,1.153966675,53.57402639
3/31/2021,515.669983,528.130005,515.440002,521.659973,521.659973,3503100,8.269958,8.269958,0,4.005713214,4.105715,0.975643271,49.38357473
4/1/2021,529.929993,540.5,527.030029,539.419983,539.419983,3938600,17.76001,17.76001,0,5.274285357,3.745716571,1.408084477,58.47321762
4/5/2021,540.01001,542.849976,529.22998,540.669983,540.669983,3355900,1.25,1.25,0,5.204286786,3.745716571,1.389396845,58.1484339
4/6/2021,544.809998,554.169983,543.299988,544.530029,544.530029,3474200,3.860046,3.860046,0,5.210002286,3.745716571,1.390922721,58.17514338
4/7/2021,543.5,549.640015,541.450012,546.98999,546.98999,2151300,2.459961,2.459961,0,5.35643,3.745716571,1.430014764,58.84798666
4/8/2021,551.130005,556.900024,547.570007,554.580017,554.580017,4309800,7.590027,7.590027,0,5.898574786,2.342145643,2.518449185,71.57838731
4/9/2021,552.690002,556.900024,547.109985,555.309998,555.309998,2894000,0.729981,0.729981,0,5.422860286,2.342145643,2.315338631,69.83716865
4/12/2021,551.049988,557.97998,549.580017,552.780029,552.780029,2944100,-2.529969,0,2.529969,4.642146571,2.522857714,1.840035031,64.78916671
4/13/2021,557,559.75,550.299988,553.72998,553.72998,2720300,0.949951,0.949951,0,3.854282929,2.522857714,1.527744869,60.43904541
4/14/2021,554.869995,554.869995,538.530029,540.02002,540.02002,3740300,-13.70996,0,13.70996,3.854282929,2.4821385,1.552807359,60.82743978
4/15/2021,544.169983,553.48999,542.659973,549.219971,549.219971,3139100,9.199951,9.199951,0,4.511422286,1.199994714,3.759535132,78.98954473
4/16/2021,550.539978,551.97998,539.51001,546.539978,546.539978,3209100,-2.679993,0,2.679993,4.140707786,1.391422786,2.975880392,74.84833794
4/19/2021,546.900024,556.440002,545.530029,554.440002,554.440002,4288700,7.900024,7.900024,0,4.283564929,1.391422786,3.078550224,75.48148373
4/20/2021,554.419983,563.559998,546.299988,549.570007,549.570007,11257600,-4.869995,0,4.869995,4.283564929,1.699279786,2.520812031,71.59746129
4/21/2021,508,515.460022,503.600006,508.899994,508.899994,22897400,-40.670013,0,40.670013,3.692853643,4.604280714,0.802047892,44.50757917
4/22/2021,513.820007,513.960022,500.549988,508.779999,508.779999,9061100,-0.119995,0,0.119995,2.4242815,4.612851786,0.525549403,34.44984487
4/23/2021,509.01001,509.700012,500.700012,505.549988,505.549988,7307700,-3.230011,0,3.230011,2.334995786,4.843566857,0.482081874,32.52734429
4/26/2021,506.76001,510.480011,503,510.299988,510.299988,4388800,4.75,4.75,0,2.398563929,4.843566857,0.495206116,33.11958869
4/27/2021,512.619995,512.98999,504.579987,505.549988,505.549988,3761300,-4.75,0,4.75,2.222852429,5.182852571,0.428885908,30.01540608
4/28/2021,505.200012,508.399994,503.339996,506.519989,506.519989,3193000,0.970001,0.970001,0,1.749993429,5.182852571,0.337650629,25.24206407
4/29/2021,507.600006,509.290009,499,509,509,5127800,2.480011,2.480011,0,1.874995571,5.182852571,0.361769035,26.56610816
4/30/2021,505,514.549988,505,513.469971,513.469971,4408400,4.469971,4.469971,0,2.194279214,5.0021405,0.438668049,30.49126234
5/3/2021,512.650024,518.950012,505.200012,509.109985,509.109985,4091900,-4.359986,0,4.359986,2.126425571,5.313568071,0.400187886,28.58101328
5/4/2021,510.779999,511.630005,496.790009,503.179993,503.179993,4349500,-5.929992,0,5.929992,2.126425571,4.757856071,0.44692936,30.88812576
5/5/2021,504.98999,507.779999,494.630005,496.079987,496.079987,3129400,-7.100006,0,7.100006,1.469286214,5.264999357,0.279066741,21.81799685
5/6/2021,495.98999,499.549988,491.369995,499.549988,499.549988,3783700,3.470001,3.470001,0,1.717143429,5.073571286,0.338448665,25.28663773
5/7/2021,504.619995,508.549988,501.119995,503.839996,503.839996,3131100,4.290008,4.290008,0,1.459285143,5.073571286,0.287624843,22.33762763
5/10/2021,502,503.149994,486.109985,486.690002,486.690002,5131600,-17.149994,0,17.149994,1.459285143,5.950714071,0.245228577,19.69345881
5/11/2021,479.75,497.98999,478.630005,495.079987,495.079987,4401000,8.389985,8.389985,0,2.058569786,3.045713143,0.675890896,40.33024451
5/12/2021,486.829987,493.540009,482.700012,484.980011,484.980011,4121500,-10.099976,0,10.099976,2.058569786,3.758568929,0.547700421,35.38801268
5/13/2021,489.130005,490.779999,482.709991,486.660004,486.660004,2712500,1.679993,1.679993,0,2.178569286,3.527853857,0.617533882,38.17749283
5/14/2021,487.859985,494.850006,486.589996,493.369995,493.369995,2881800,6.709991,6.709991,0,2.318568643,3.527853857,0.657217883,39.65790435
5/17/2021,485.589996,492.709991,482.809998,488.940002,488.940002,2705200,-4.429993,0,4.429993,2.318568643,3.504996214,0.661503894,39.81356265
5/18/2021,488.399994,493.480011,486.190002,486.279999,486.279999,2350500,-2.660003,0,2.660003,2.249282857,3.694996429,0.608737491,37.83945452
5/19/2021,481.630005,488.570007,478.540009,487.700012,487.700012,3349900,1.420013,1.420013,0,2.173568714,3.694996429,0.588246499,37.03748124
5/20/2021,489.549988,502.700012,488.980011,501.670013,501.670013,3721200,13.970001,13.970001,0,2.852142286,3.694996429,0.77189311,43.56318707
5/21/2021,503.119995,505.399994,497.26001,497.890015,497.890015,3322900,-3.779998,0,3.779998,2.852142286,3.653568714,0.780645585,43.84059307
5/24/2021,501.049988,504.25,499.51001,502.899994,502.899994,2412600,5.009979,5.009979,0,3.209997929,3.229997857,0.993808068,49.84472095
5/25/2021,506,506.369995,499.220001,501.339996,501.339996,2699500,-1.559998,0,1.559998,3.209997929,2.834283,1.132560838,53.10802007
5/26/2021,502.339996,504.140015,500.5,502.359985,502.359985,2465300,1.019989,1.019989,0,3.034997071,2.834283,1.070816524,51.7098696
5/27/2021,501.799988,505.100006,498.540009,503.859985,503.859985,3253800,1.5,1.5,0,2.835710786,2.834283,1.000503756,50.01259072
5/28/2021,504.399994,511.76001,502.529999,502.809998,502.809998,2910300,-1.049987,0,1.049987,2.835710786,1.6842825,1.68363133,62.73705748
6/1/2021,504.01001,505.410004,497.73999,499.079987,499.079987,2482600,-3.730011,0,3.730011,2.236426143,1.950711857,1.146466678,53.41180881
6/2/2021,499.820007,503.220001,495.820007,499.23999,499.23999,2269000,0.160003,0.160003,0,2.247854929,1.229285,1.828587292,64.64666292
6/3/2021,495.190002,496.660004,487.25,489.429993,489.429993,3887400,-9.809997,0,9.809997,2.127855429,1.929999071,1.102516297,52.43794298
6/4/2021,492,501.859985,490.950012,494.73999,494.73999,3151300,5.309997,5.309997,0,2.027855857,1.929999071,1.050703022,51.23623513
6/7/2021,492.920013,496.700012,490.549988,494.660004,494.660004,2791900,-0.079986,0,0.079986,2.027855857,1.619284286,1.252316146,55.60125955
6/8/2021,497,498.820007,489.369995,492.390015,492.390015,2374000,-2.269989,0,2.269989,2.027855857,1.591426143,1.27423812,56.02923058
6/9/2021,494.5,496.089996,484.649994,485.809998,485.809998,3055000,-6.580017,0,6.580017,1.926426357,2.061427357,0.934510911,48.30734764
6/10/2021,487.170013,490.209991,482.140015,487.269989,487.269989,4382900,1.459991,1.459991,0,1.032854214,2.061427357,0.501038375,33.37945143
6/11/2021,490,491.410004,487.779999,488.769989,488.769989,3121400,1.5,1.5,0,1.139997071,1.7914275,0.636362382,38.88884204
6/14/2021,489.679993,503.5,486.910004,499.890015,499.890015,4400200,11.120026,11.120026,0,1.576429,1.7914275,0.879984817,46.80808105
6/15/2021,501.230011,501.230011,490.399994,491.899994,491.899994,3104100,-7.990021,0,7.990021,1.576429,2.250714857,0.70041258,41.19074325
6/16/2021,495,496.459991,486.279999,492.410004,492.410004,3527700,0.51001,0.51001,0,1.540001929,2.250714857,0.684227913,40.62561294
